name,learning_rate,hidden_channels,num_layers,lambda_boundary,best_val_loss
lr3e-03_hc128_nl2,0.003,128,2,0.0,0.013108318937676293
lr3e-03_hc64_nl3,0.003,64,3,0.0,0.013470665684768133
lr3e-03_hc64_nl3_lb2.0,0.003,64,3,2.0,0.015670704522303174
lr3e-03_hc128_nl2_lb2.0,0.003,128,2,2.0,0.015823997291071073
lr3e-03_hc128_nl2_lb5.0,0.003,128,2,5.0,0.019685800852520124
lr3e-03_hc64_nl3_lb5.0,0.003,64,3,5.0,0.020127290061541965
